﻿{
  "en": {
    "brand":"Elvora",
    "selectHub":"Select a Hub",
    "home":"Home",
    "business":"Business Hub",
    "pharma":"Pharma Hub",
    "logistics":"Logistics Hub",
    "inventory":"Inventory Hub",
    "warehouse":"Warehouse",
    "venue":"Venue",
    "operations":"Operations Hub",
    "products":"Products",
    "learnMore":"Learn more",
    "productsTitle":"What Elvora includes",
    "homeDesc":"3D fridge, OCR + barcode, expiry alerts, HACCP widgets.",
    "businessDesc":"POS sync, accounts, multi-store analytics & slots.",
    "pharmaDesc":"Medicine batches, temperature chains, recalls & audits.",
    "logisticsDesc":"Loads, routes, weight & safety assistant with 3D nav.",
    "inventoryDesc":"AI shelf planner, stock warnings, auto-replenishment.",
    "warehouseDesc":"3D zones, capacity signals (green/amber/red), tasks.",
    "venueDesc":"Hotels, cafés, events—mobile flows & quick scanning.",
    "operationsDesc":"Admin, devices, roles, alerts, audit & exports.",
    "lang":"Language"
  },
  "hr": {
    "brand":"Elvora",
    "selectHub":"Odaberi hub",
    "home":"Home",
    "business":"Business Hub",
    "pharma":"Pharma Hub",
    "logistics":"Logistics Hub",
    "inventory":"Inventory Hub",
    "warehouse":"Skladište",
    "venue":"Venue",
    "operations":"Operations Hub",
    "products":"Proizvodi",
    "learnMore":"Saznaj više",
    "productsTitle":"Što sve Elvora uključuje",
    "homeDesc":"3D hladnjak, OCR + barkod, isteci roka, HACCP widgeti.",
    "businessDesc":"POS sinkronizacija, konta, više trgovina i analitika.",
    "pharmaDesc":"Serije lijekova, temperaturni lanac, opozivi i auditi.",
    "logisticsDesc":"Utovari, rute, težina i sigurnosni asistent s 3D nav.",
    "inventoryDesc":"AI raspored polica, upozorenja zaliha, dopuna.",
    "warehouseDesc":"3D zone, kapacitet (zeleno/žuto/crveno), zadaci.",
    "venueDesc":"Hoteli, kafići, eventi — mobilni tokovi i skeniranje.",
    "operationsDesc":"Admin, uređaji, uloge, upozorenja, audit i export.",
    "lang":"Jezik"
  }
}
