﻿{
  "headers": [
    { "source": "**/*.html", "headers": [{ "key": "Cache-Control", "value": "no-cache, no-store, must-revalidate" }] },
    { "source": "**/*.json", "headers": [{ "key": "Cache-Control", "value": "no-cache" }] },
    { "source": "**/*.js",   "headers": [{ "key": "Cache-Control", "value": "public, max-age=31536000, immutable" }] },
    { "source": "**/*.css",  "headers": [{ "key": "Cache-Control", "value": "public, max-age=31536000, immutable" }] },
    { "source": "**/*.svg",  "headers": [{ "key": "Cache-Control", "value": "public, max-age=31536000, immutable" }] },
    { "source": "**/*.pdf",  "headers": [{ "key": "Cache-Control", "value": "public, max-age=86400" }] }
  ]
}
